날짜,시각,재고
06/25,09:30,O
06/25,09:35,O
06/25,09:40,O
06/25,09:45,O
06/25,09:50,O
06/25,09:55,O
06/25,10:00,O
06/25,10:05,O
06/25,10:10,O
06/25,10:15,O
06/25,10:20,O
06/25,10:25,O
06/25,10:30,O
06/25,10:35,O
06/25,10:40,O
06/25,10:45,O
06/25,10:50,O
06/25,10:55,O
06/25,11:00,O
06/25,11:05,O
06/25,11:10,O
06/25,11:15,O
06/25,11:20,O
06/25,11:25,O
06/25,11:30,O
06/25,11:35,O
06/25,11:40,O
06/25,11:45,O
06/25,11:50,O
06/25,11:55,O
06/25,12:00,O
06/25,12:05,O
06/25,12:10,O
06/25,12:15,O
06/25,12:20,O
06/25,12:25,O
06/25,12:30,O
06/25,12:35,O
06/25,12:40,O
06/25,12:45,O
06/25,12:50,O
06/25,12:55,O
06/25,13:00,O
06/25,13:05,O
06/25,13:10,O
06/25,13:15,O
06/25,13:20,O
06/25,13:25,O
06/25,13:30,O
06/25,13:35,O
06/25,13:40,O
06/25,13:45,O
06/25,13:50,O
06/25,13:55,O
06/25,14:00,O
06/25,14:05,O
06/25,14:10,O
06/25,14:15,O
06/25,14:20,O
06/25,14:25,O
06/25,14:30,O
06/25,14:35,O
06/25,14:40,O
06/25,14:45,O
06/25,14:50,O
06/25,14:55,O
06/25,15:00,O
06/25,15:05,O
06/25,15:10,O
06/25,15:15,O
06/25,15:20,O
06/25,15:25,O
06/25,15:30,O
06/25,15:35,O
06/25,15:40,O
06/25,15:45,O
